name,city,segment,sell,why,first_touch,source,status,date_added,notes
Van Genderen Heating & Cooling,Centennial,HVAC,Stainless service tags for furnace/boiler/AC installs; nameplates,Family-owned since 1946; shop at 9940 E Costilla Ave 80112 — blocks from VURMZ; every install is a tag opportunity,sales@vangenderenheating.com · (303) 744-2776,vangenderenheating.com,new,2026-06-12,
Hytek Air Systems,Centennial,HVAC,Service tags with phone # for furnace/heat pump/water heater installs,"Family-owned since 2004, founder Voytek fronts the brand; 5,000+ families served; HQ in 80112, same zip as VURMZ",hytekairsystems.com/contact · (303) 627-3395,hytekairsystems.com,new,2026-06-12,
"Rock Plumbing, Heating, Air & Electrical",Littleton,HVAC + plumbing,Service tags for furnaces and water heaters; panel labels,"Family-owned since 2001; one shop installs furnaces, water heaters, AND electrical — one relationship, three tag types",(720) 410-5239 · rockheating.com/contact-us,rockheating.com,new,2026-06-12,
"Nytech Heating, Cooling & Plumbing",Castle Rock,HVAC + plumbing,Re-branded service tags/decals for merged fleet,In Castle Rock since 1997; just absorbed Centennial's Coyote HVAC — acquired equipment and trucks need re-tagging under the new brand,303-663-6840 (office M–F 7–6),nytechmetal.com,new,2026-06-12,
Walk On Water Plumbing,Highlands Ranch,Plumbing,Engraved tags for tankless installs; branded crew tools,"Owner Steve runs a 4-person family shop; tankless specialist — premium installs that merit a metal tag, and Steve decides",Steve: 303-803-7663 · wowplumbing@yahoo.com,wowplumbingcolorado.com,new,2026-06-12,
Southside Plumbing,Littleton,Plumbing,Water heater service tags; truck/asset tags,"Founded 2005 by master plumber Mark Friesen + wife Liz; 5 master plumbers, 850+ Google reviews — real install volume, still family-run",hello@southsideplumbing.com · 303-346-8426,southsideplumbing.com,new,2026-06-12,
An Affordable Plumber,Littleton,Plumbing,Service tags for residential + commercial water heater installs,Family-owned since 2016; does commercial water heaters too — bigger-ticket tag candidates,(720) 571-7466 · request-service form,anaffordableplumber.com,new,2026-06-12,
Promise Electric LLC,Centennial,Electrical,Panel tags with phone #; EV charger/generator install tags,"Family-owned, DORA-licensed; panels, EV chargers, generators; unit at 7285 S Revere Pkwy — minutes away, easy drop-by",(303) 547-4016,promise-electric.com,new,2026-06-12,
Root Electric LLC,Parker,Electrical,Engraved panel tags for 200-amp upgrades; branded tools,"Master-electrician-led micro shop; 200-amp upgrades, EV chargers, light commercial — owner can say yes on the spot",rootadmin@rootelectricllc.com · (720) 448-4018,rootelectricllc.com,new,2026-06-12,
Bergan & Company,Centennial,Property mgmt,Asset tags for appliances across rental portfolio; unit nameplates,"Family-owned since 1961, HQ on E Peakview Ave; rentals across 19 metro communities with 24/7 maintenance — recurring tagging need",berganrealty@berganco.com · (303) 694-5116,berganco.com,new,2026-06-12,
Centennial Management Group,Parker,HOA mgmt,Nameplates/ID tags for common-area equipment; unit/mailbox plates,"HOA/condo manager since 2000, ""boots on the ground"" pitch; proposals go straight to a principal's inbox",Kevin@centennialmanagementgroups.com · 720.528.8557,centennialmanagementgroups.com,new,2026-06-12,
Littleton Construction LLC,Littleton,General contractor,Branded jobsite tools (theft deterrence); completion plaques,"Locally owned since 1995; renovations, additions, basements — three decades of crews and tools worth marking",info@littletonconstruction.com · 303.997.3411,littletonconstruction.com,new,2026-06-12,
My Garage Guy LLC,Parker,Garage doors,Service tags affixed to every installed opener/door,"Family-owned, Parker-based; installs residential AND commercial (Chamberlain, Clopay, LiftMaster) — every opener is a sticker-replacement",720-955-6407 · mygarageguy.com/contact-us,mygarageguy.com,new,2026-06-12,
American Design & Landscape,Parker,Landscaping,Crew tool/equipment tags; trailer and asset tags,"Second-generation since 1967; design, irrigation, and commercial-maintenance crews — a real equipment fleet to tag",info@americandl.com · (303) 841-2820,americandl.com,new,2026-06-12,
Modern Roofing Group,Littleton,Roofing,Branded crew tools; asset tags for ladders/equipment,"Locally + veteran-owned, HQ on Shaffer Pkwy; asphalt/metal/flat crews at multiple sites daily",(720) 613-9927,modroofgroup.com,new,2026-06-12,
Black+Haus Tavern,Littleton (Main St),Restaurant,"Crew knife engraving; etched whiskey glasses, barrel-pick plaques","Chef-driven scratch kitchen, 150+ whiskies — knife culture plus a whiskey program worth personalizing",blackhaustavern.com/contact · (303) 862-5988,blackhaustavern.com,new,2026-06-12,
Grande Station,Littleton (Main St),Restaurant,Crew knife engraving; branded serving/charcuterie boards,"Locally owned by Eric & Rachel Hyatt since 2017; scratch kitchen, hyper-local sourcing; one block off light rail — walk in",303.942.0662 · IG @grande.station.littleton,grandestation.com,new,2026-06-12,
Littleton Brewing Company,Littleton,Brewery,"Engraved steins/mug-club mugs, tap handles, flight paddles","Father-son owned German bierhalle, opened March 2025 — new brand still acquiring merch",Walk-in · IG @littletonbrewco,westword.com (opening feature),new,2026-06-12,
Sunroom Brewing,Englewood,Brewery,"Tap handles, flight paddles, coasters, mug-club mugs","Family-owned 7-bbl brewery, owners did the buildout themselves; small enough that Zach talks straight to the owners",720-401-3239 · IG @sunroombrewing · walk-in,coloradobrewerylist.com,new,2026-06-12,
The Barn South Broadway,Englewood,Restaurant,"Menu boards, table numbers, wayfinding for new buildout; crew knives","Brand-new (2026), chef-owned (ex-Brider chef Chase Devitt) — new restaurants buy signage NOW",Walk-in daily 11–9 (Resy for reservations),westword.com (opening feature),new,2026-06-12,
Parker Garage,Parker (Mainstreet),Restaurant,Crew knives; barrel-pick whiskey glasses; private-dining gifts,Chef-driven landmark since 2014; rare whiskey + barrel picks via Sazerac partnership — multiple engraving lanes,info@parkergarage.com · 720-389-8105,parkergarage.com,new,2026-06-12,
West Main Taproom + Grill,Parker (Mainstreet),Taproom,Engraved tap markers/flight paddles for 54 taps; growler tags,"54 Colorado craft taps; site says the program is ""centered around our local community, vendors"" — predisposed to a local maker",pam@gpmmgroup.com · (720) 826-3689,westmaintaproom.com,new,2026-06-12,
Wolf Peach Public House,Parker,Restaurant,Crew knives; rotating-menu boards; engraved barware,Owner-operated (Jeffrey & Elena Coyle); menu rotates every 6–8 weeks — recurring menu-board need,Host@wolfpeachco.com · (719) 316-8222,thewolfpeach.com,new,2026-06-12,
Resolute Brewing Co.,Centennial,Brewery,"Tap handles, barrel-release plaques, engraved mugs, event favors","20 taps incl. barrel-aged, food trucks 6 days/wk, hosts private events — merch and favor buyer",centennial@resolutebrewingco.com · (720) 722-1238,resolutebrewingco.com,new,2026-06-12,
Indulge Bistro & Wine Bar,Centennial (SouthGlenn),Wine bar,Engraved wine-flight boards and stemware; charcuterie boards,Service is built around wine flights — flight paddles and etched stemware are core to what they already do,Walk-in at SouthGlenn,indulgewinebar.com,new,2026-06-12,
The Manor House,Littleton,Venue,"Cake knives, welcome signs, table numbers; preferred-vendor slot","Historic mansion, one wedding per day, up to 200 guests, in-house catering team that refers vendors",Contact form · (303) 799-1000,themanorhouse.com,new,2026-06-12,
The Barn at Raccoon Creek,Littleton,Venue,"Wood welcome signs, favors, table numbers","Family-owned barn on historic Grant Ranch; 2026 peak Saturdays at $12,500 — steady volume",(720) 287-8188 · IG @thebarnatraccooncreek,thebarnatraccooncreek.com,new,2026-06-12,
Highlands Ranch Mansion,Highlands Ranch,Venue,Wedding signage + corporate-event awards (hosts both),"1891 estate, up to 250 guests, runs weddings AND corporate functions — two markets in one venue",303-791-0177 · IG @highlands_ranch_mansion,highlandsranchmansion.com,new,2026-06-12,
Spruce Mountain Ranch,Larkspur,Venue,"Preferred-vendor favors, ceremony signage, gift boxes","450-acre, multi-site venue — one of the south metro's highest-volume wedding operations",info@sprucemountainevents.com · 719-484-0800,sprucemountainevents.com,new,2026-06-12,
Leigh & Co. Events,Castle Rock,Planner,"Per-wedding signage, favors, client gift boxes — repeat referrals",Featured in Rocky Mountain Bride and the NYT; planners spec favors/signage on every event,Contact form · 720-751-0855 · IG @leighandcoevents,leighandcoevents.com,new,2026-06-12,
The Thayer Group,Castle Rock,Realtor team,Name + closing-date boards ($45+) for every Meadows/Castle Rock close; wine boxes for Castle Pines luxury deals,"Family team (Steve, Susan & Cooper Thayer); site claims ""#1 for 16 years"" in The Meadows, 199 transactions / $99M+ volume — a standing monthly gift order",thayergroup@kw.com · (720) 663-1224,thethayergroup.com,new,2026-06-22,
The Denver Trio,Lone Tree,Realtor team,Closing boards (client name + new address); wine boxes as the luxury-tier gift,"7-agent team across Highlands Ranch, Littleton, Lone Tree, Castle Pines; recent sales $2.7M–$6.8M — luxury client base where a quality gift fits",(303) 325-7336 · contact form,denvertrioteam.com,new,2026-06-22,
Corken + Company,Englewood (GV/DTC),Realtor team,Concierge-style closing gifts — engraved boards + wine boxes personalized per client,"Self-described ""concierge-style,"" two decades in Denver Metro, GV/DTC focus, listings $3.9M–$8.35M — a white-glove brand that buys premium gifts",(303) 858-8003 · contact form,corken.co,new,2026-06-22,
Landmark Brokerage,Greenwood Village,Boutique brokerage,Name/date-engraved closing boards as the house standard; branded boards for agent self-promo gifting,"""High communication, high producing"" boutique; stated service area spans Centennial/Littleton/Lone Tree/HR/Englewood/Castle Rock/Parker/GV — exactly VURMZ's geography",team@landmarkcolorado.com · (720) 248-7653,landmarkcolorado.com,new,2026-06-22,
The Schossow Group,Denver (DTC),Realtor team,High-end engraved wine boxes + premium boards matched to Cherry Hills / Castle Pines price points,"5-broker team, ""100+ years combined,"" 5280 Double Black Diamond Top Producers; Littleton/HR/Lone Tree/Cherry Hills/Castle Pines luxury",Dale (303) 919-7176 · Nick (303) 903-2345 · contact form,schossowgroup.com,new,2026-06-22,
Osgood Team Real Estate,Parker,Realtor team,Name + closing-date boards; locally-made (Centennial) is a selling point for their community focus,"8-agent family team since ~2011 (Leanne & Bob Osgood); Parker/Lone Tree/HR/Centennial; markets on community + integrity",team@osgoodteam.com · (303) 810-5757,osgoodteam.com,new,2026-06-22,
West + Main Homes (Littleton),Littleton,Boutique brokerage,Name/date-engraved boards as the storefront's house closing gift; local-maker story fits their independent positioning,"Independent, women-owned boutique with a Downtown Littleton storefront; markets on care over size — culture fit for a local engraver",(720) 314-8341 · contact form,westandmainhomes.com,new,2026-06-22,
EyeCare Consultants,Centennial,Optometry,Branded pens for front desk/exam lanes; engraved metal business cards; nameplate for Dr. Schachet,"Founded by Dr. John Schachet in 1975, 40+ years, independent single-location right on the Arapahoe/DTC corridor — founder decides",(303) 771-4221 (ask for office manager),eyecareconsultants.com,new,2026-06-22,
Veterinary Center of Parker,Parker,Veterinary,Branded pens for reception; nameplate for Dr. Mamula-Crippen; engraved pet-memorial / new-puppy keepsakes,"""Locally Owned Since 2016""; owner Dr. Lindsay Mamula-Crippen calls it her ""final home"" — independent, single location",info@vcparker.net · (720) 851-0820,vcparker.net,new,2026-06-22,
Meridian Animal Hospital,Parker,Veterinary,Nameplate for Dr. Dobkin; branded pens; milestone/anniversary recognition plaques,Owner Dr. Greg Dobkin; locally owned single location open since 2012 — a 13-year anniversary plaque is a natural hook,(303) 790-0800 (ask for practice manager),meridiansmallanimalvet.com,new,2026-06-22,
Littleton Dentistry (Dr. Tim Boeyink),Centennial,Dental,Branded pens for front desk; nameplate for Dr. Boeyink; new-patient welcome-bag gifts,"""Locally-owned since 1998,"" explicitly ""privately owned"" vs corporate dental — single owner-dentist decides",boeyink.front.office@gmail.com · (720) 489-7333,littletondentistry.com,new,2026-06-22,
Ken Caryl Dentistry,Littleton,Dental,Branded pens; his-and-hers nameplates for the two dentists; engraved metal business cards,"Husband-and-wife family practice (Drs. Greg & Kayee Ho Herzberg), ""not a revolving door of dentists"" — single location, family-owned",contact form · (303) 973-5280,kencaryldentistry.com,new,2026-06-22,
Birch Grove Legal PLLC,Castle Rock,Law firm,Nameplate for the founder; branded pens for client signings; engraved keepsake for completed estate plans,Founder/Managing Attorney Nick Bjorklund; solo/small estate + business + real-estate firm — the named owner decides,info@birchgrovelegal.com · (720) 713-7093,birchgrovelegal.com,new,2026-06-22,
